scientific_tweeter,sentence_level,lstm,negative_emotion,consideration,information_practice,academic_database,societal_impact,private_information_disclosure,lda,citation_index,semantic_web,warrant,fractional_counting,zealot,social,patent_document,originality,rural_informatization,information_work,tactic,depressive_disorder,library,exploratory_innovation,embed,publication_pattern,research_institute,link_prediction,ensemble
document_representation,impact_factor,open_access,assessment,incentive,education,database,peer_review,read,r_tree,scale_invariant,language_model,repertoire,practitioner,research_topic
selection,scopus,music_search_behaviour,bibliometric,metadata,information_use,recipe,supervised_learning,long_short_term_memory,hedonic_value,similarity,twitter,barrier,research_software,communication,online,sustainability,future_research_performance,theory,information_study,context,knowledge_graph,social_web,irony_detection,music_information,academic_entrepreneurship,scientific_production,microblogs,global,citation_impact,time_constraint
sentiment_analysis,gender_difference,intelligence,scientific_collaboration,university_ranking,book,microblog,genre,technology,risk,htr,tweet,rec_index,research_datum,reputation,argumentation_mining
eu,skilled_immigrant,integration,public_library,natural_disaster,email_communication,crowdsourcing,citation_count,location,interdisciplinary,scholarly_literature,photo,outcome,open_access_journal,extraction,sleep_beauty,text_mining,relevance_feedback,international_student,bag_word,international_research_collaboration
cross_national_distance,metric,complaint_letter,internet_thing,g_index,visualization,market_value,neural_network,retraction,p_index,bias
msa,co_citation_frequency,novelty,research_evaluation,population,skill,query_expansion,co_citation_criterion,simulation,highly_cite_publication,topic_model,academia,school,ad_hoc_retrieval,semantic_network,economic_complexity,anesthesiology,anesthesia_analgesia,research_output,social_science
health,social_network,iso,motivation,representation,search_engine,reviewer,diversification,indicator,research_community,biomedical_research,co_inventor_network,access_point,network,co_citation_matrix,dea,knowledge_transfer,document_theory,information_seek,citation_metric
reproducibility,innovation,evaluation,social_network_analysis,policy,web_science_core_collection,topic_evolution,neutrality,web_science,chemistry,accident,self_citation,orphan_drug,recommender_system,scholarly_communication,collaborative_behaviour
semantic,evaluator,woman,institution,university,physics_journal,american_semiconductor_industry,pharmacoeconomic,research_area,citation_tendency
information_system,recommendation,diversity,knowledge_flow,scientific_journal,information_management,business,bmc,entity_selection,usage
transitions,field_research,research_funding,co_authorship,layer,high_education,online_review,gru,feature_selection,medium_richness,bibliometric_analysis,computer_science,digital_library,prediction,recognition,patent_classification,altmetric,emotion,research_center,news,role_evolution,event_detection,domain_knowledge,capability,integrity,industry
internet,workplace,reference,scientist,ontology,rank,relation_effect,innovation_agency,percentile,citation_advantage,social_networking_site,library_information_science,patent,information_culture
power,convergence,ranking,disaster,africa,rcr
